,Horas,LAT,LNG
0,07:12:00,-20.2273588,-70.1480139
1,08:00:00,-20.2304174,-70.1387314
2,08:30:00,-20.2330169,-70.1303701
9,08:20:00,-20.2572701,-70.1337646
10,11:40:00,-20.2174291,-70.1503467
11,11:30:00,-20.2243124,-70.149352
15,07:45:00,-20.2637153,-70.0986734
16,07:50:00,-20.2798006,-70.0969386
20,08:00:00,-20.2697311,-70.0953563
21,08:50:00,-20.2691828,-70.1257417
22,08:00:00,-20.2440011,-70.1407861
26,07:30:00,-20.2236518,-70.1423787
28,11:30:00,-20.2289833,-70.136419
33,07:45:00,-20.2277897,-70.1378486
38,07:40:00,-20.2518105,-70.1262557
41,07:42:00,-20.2181521,-70.1495858
42,10:30:00,-20.238243,-70.1441106
43,12:00:00,-20.2291637,-70.1329638
50,07:18:00,-20.2155092,-70.1464884
55,09:00:00,-20.2754099,-70.0942196
57,08:20:00,-20.2753585,-70.1039826
58,12:00:00,-20.2643486,-70.1275076
59,10:45:00,-20.2625059,-70.130789
61,08:34:00,-20.2367218,-70.1381753
62,08:30:00,-20.2086726,-70.1445818
71,09:45:00,-20.263175,-70.122655
73,10:35:00,-20.2699836,-70.1060096
79,06:50:00,-20.2185709,-70.1348905
83,11:00:00,-20.2201278,-70.1361812
91,08:00:00,-20.2444412,-70.1282904
93,07:50:00,-20.2932645,-70.1021307
101,09:45:00,-20.2367763,-70.148507
106,07:30:00,-20.2139981,-70.1493062
108,07:45:00,-20.2443662,-70.129305
113,07:20:00,-20.2441837,-70.1409449
118,09:00:00,-20.2186921,-70.1363192
120,07:45:00,-20.2279008,-70.1354882
122,08:30:00,-20.2127608,-70.1435822
128,10:30:00,-20.2221392,-70.1337018
129,07:55:00,-20.2158425,-70.1344699
130,11:00:00,-20.2236676,-70.1418305
132,07:20:00,-20.2868313,-70.1029781
137,08:30:00,-20.2501879,-70.0988579
140,07:50:00,-20.2172573,-70.1529207
151,07:30:00,-20.2646179,-70.1005485
157,11:00:00,-20.2251061,-70.1498238
161,06:20:00,-20.2198545,-70.1383825
167,06:15:00,-20.2164697,-70.1358582
168,11:30:00,-20.2117876,-70.1528536
170,10:00:00,-20.2517088,-70.1329937
175,06:30:00,-20.2603704,-70.1323614
177,12:00:00,-20.2109307,-70.1514957
180,09:50:00,-20.2245156,-70.150433
186,07:20:00,-20.2443662,-70.129305
187,11:25:00,-20.2086726,-70.1445818
189,08:00:00,-20.2816823,-70.1010988
195,10:10:00,-20.2441837,-70.1409449
196,10:30:00,-20.2478923,-70.1368759
202,08:45:00,-20.2173173,-70.1348591
203,08:30:00,-20.2117876,-70.1528536
207,11:30:00,-20.2289498,-70.1369628
209,10:58:00,-20.2201278,-70.1361812
214,08:10:00,-20.225624,-70.1425042
218,12:00:00,-20.2192287,-70.1515497
235,10:14:00,-20.2278732,-70.1309752
238,10:00:00,-20.2556984,-70.1070161
240,09:00:00,-20.2507163,-70.1279013
242,07:30:00,-20.2379738,-70.1288882
243,11:30:00,-20.2777582,-70.0907546
245,07:30:00,-20.2181701,-70.1551829
248,07:55:00,-20.2233371,-70.1492636
251,11:25:00,-20.2297799,-70.1307042
255,07:00:00,-20.2335765,-70.136325
256,11:00:00,-20.2114919,-70.1486844
260,07:55:00,-20.2240428,-70.1370483
261,08:18:00,-20.2215553,-70.147656
262,07:45:00,-20.2608584,-70.1276117
265,09:15:00,-20.2121701,-70.1513327
266,07:30:00,-20.2163207,-70.1391357
274,08:45:00,-20.2169534,-70.1451921
282,06:00:00,-20.2597791,-70.1298651
283,11:30:00,-20.2441837,-70.1409449
284,10:00:00,-20.2081549,-70.1426093
285,10:50:00,-20.2076006,-70.1438554
294,09:10:00,-20.2176315,-70.1465983
295,08:30:00,-20.227256,-70.1298393
300,12:00:00,-20.2099445,-70.1398778
309,07:15:00,-20.2076006,-70.1438554
322,07:30:00,-20.2519501,-70.1311351
323,10:30:00,-20.2070534,-70.1336067
325,09:00:00,-20.2278732,-70.1309752
329,11:15:00,-20.2638522,-70.0990065
331,11:10:00,-20.2708404,-70.101555
332,09:25:00,-20.2720767,-70.1028957
333,12:00:00,-20.2770696,-70.1076069
339,07:50:00,-20.2223307,-70.1515778
340,07:50:00,-20.2216515,-70.1456323
346,09:00:00,-20.2273588,-70.1480139
348,10:25:00,-20.2175833,-70.1474318
350,07:30:00,-20.2194313,-70.1489375
353,07:30:00,-20.2459453,-70.0963702
357,06:20:00,-20.2742344,-70.1045525
363,09:10:00,-20.2147104,-70.1513996
368,11:30:00,-20.2375058,-70.1298939
374,06:40:00,-20.2278116,-70.1373664
376,08:10:00,-20.2696962,-70.0999508
382,11:00:00,-20.2180007,-70.1392298
387,07:50:00,-20.2327932,-70.135845
398,11:30:00,-20.2593339,-70.0955923
401,11:05:00,-20.2764311,-70.0821131
402,06:30:00,-20.2130258,-70.1520951
412,10:45:00,-20.2105455,-70.134632
416,08:57:00,-20.2049745,-70.135743
418,10:15:00,-20.2348731,-70.143627
427,10:59:00,-20.2441837,-70.1409449
430,12:00:00,-20.2307033,-70.1356692
437,08:45:00,-20.2138472,-70.1440474
438,07:45:00,-20.2199822,-70.1386986
440,10:10:00,-20.230949,-70.142074
444,09:00:00,-20.2489683,-70.1278562
447,11:25:00,-20.2648192,-70.1005699
449,09:50:00,-20.2921898,-70.0932938
454,10:25:00,-20.2248356,-70.1380641
457,11:30:00,-20.2646179,-70.1005485
459,06:23:00,-20.2225978,-70.1444612
463,08:20:00,-20.2642905,-70.0995603
464,09:30:00,-20.2161356,-70.1435283
466,10:30:00,-20.2382195,-70.1367007
467,07:50:00,-20.2599382,-70.1249083
469,09:00:00,-20.213666,-70.1547289
470,08:00:00,-20.2394749,-70.1403552
471,10:25:00,-20.2172573,-70.1529207
474,08:00:00,-20.2155417,-70.1390192
476,07:45:00,-20.2141015,-70.1471935
477,11:45:00,-20.2160773,-70.1487495
480,09:50:00,-20.2201543,-70.1353452
483,09:00:00,-20.234595,-70.1349983
484,09:30:00,-20.2081549,-70.1426093
489,08:10:00,-20.2626251,-70.1247655
493,07:50:00,-20.2300565,-70.1363117
494,11:00:00,-20.2801959,-70.0899558
501,12:00:00,-20.2225972,-70.1350708
504,07:45:00,-20.2482419,-70.1291267
507,11:40:00,-20.247166,-70.1354963
508,10:50:00,-20.2441837,-70.1409449
511,10:25:00,-20.2437241,-70.1389059
512,07:32:00,-20.2602593,-70.125105
515,07:45:00,-20.2638522,-70.0990065
516,07:30:00,-20.2301432,-70.1411798
518,08:10:00,-20.2925294,-70.1251716
520,09:35:00,-20.2903351,-70.0918987
525,11:00:00,-20.2791333,-70.1010024
528,12:00:00,-20.2325404,-70.1427654
530,11:55:00,-20.2143938,-70.1387663
533,09:10:00,-20.2189033,-70.1408771
534,10:00:00,-20.2372462,-70.143735
537,08:00:00,-20.279787,-70.0897684
538,11:45:00,-20.238243,-70.1441106
549,12:00:00,-20.2686722,-70.1049169
555,11:40:00,-20.215546,-70.1390644
557,08:00:00,-20.2203861,-70.1504462
564,06:55:00,-20.2325448,-70.1358294
566,08:20:00,-20.2150839,-70.1456348
582,07:15:00,-20.2925751,-70.1048736
584,07:50:00,-20.2495998,-70.106074
587,07:00:00,-20.2841781,-70.1004107
596,07:20:00,-20.2486089,-70.1382111
597,07:10:00,-20.2616614,-70.129137
598,10:00:00,-20.2664507,-70.1029387
602,07:45:00,-20.2279008,-70.1354882
603,10:48:00,-20.2133583,-70.1388275
606,10:00:00,-20.2205893,-70.147605
610,09:00:00,-20.2059438,-70.1430218
611,07:15:00,-20.237095,-70.1298896
614,10:40:00,-20.2764584,-70.1018494
616,08:50:00,-20.2556984,-70.1070161
617,07:30:00,-20.277224,-70.0805248
622,08:00:00,-20.2897057,-70.1064421
623,07:40:00,-20.2700353,-70.1098954
630,11:00:00,-20.2671374,-70.1237886
633,06:30:00,-20.2371694,-70.1399482
637,11:10:00,-20.2109195,-70.1459124
639,12:00:00,-20.2777582,-70.0907546
645,07:00:00,-20.2289498,-70.1369628
648,07:15:00,-20.2290311,-70.135502
650,08:20:00,-20.2384295,-70.1348415
651,11:00:00,-20.2133583,-70.1388275
652,10:00:00,-20.2126347,-70.15226
661,10:55:00,-20.2076006,-70.1438554
663,06:30:00,-20.2416031,-70.1281104
668,12:00:00,-20.2405997,-70.1370252
669,10:20:00,-20.2331847,-70.1320723
673,07:30:00,-20.2142085,-70.1349056
674,11:00:00,-20.2153192,-70.1540444
676,10:45:00,-20.215753,-70.1391326
682,09:00:00,-20.1938298,-70.1362687
689,11:10:00,-20.2394749,-70.1403552
691,08:00:00,-20.2394862,-70.1461855
701,09:10:00,-20.2296636,-70.1355265
703,07:50:00,-20.2224134,-70.1492067
706,12:00:00,-20.2850513,-70.0951018
717,07:50:00,-20.2925294,-70.1251716
719,12:00:00,-20.2348731,-70.143627
722,06:20:00,-20.2626251,-70.1247655
724,10:00:00,-20.2444412,-70.1282904
725,08:05:00,-20.2480409,-70.1367207
727,08:30:00,-20.5364084,-70.1805181
729,08:00:00,-20.2528036,-70.1261842
731,11:30:00,-20.2288673,-70.1384204
732,08:20:00,-20.2219439,-70.1388786
737,10:40:00,-20.2482419,-70.1291267
740,10:05:00,-20.2368776,-70.1289208
743,09:20:00,-20.2248356,-70.1380641
745,11:55:00,-20.2197336,-70.1431759
747,08:30:00,-20.2612165,-70.1015553
749,06:30:00,-20.2172018,-70.1419493
752,10:50:00,-20.2300295,-70.1415428
759,06:40:00,-20.2339491,-70.1380032
761,07:40:00,-20.2206842,-70.1455402
762,07:40:00,-20.226475,-70.1352834
763,08:55:00,-20.2181701,-70.1551829
765,09:45:00,-20.2444412,-70.1282904
771,07:50:00,-20.2277543,-70.1383159
776,07:40:00,-20.2720142,-70.0963194
777,08:00:00,-20.2708871,-70.1004936
783,11:00:00,-20.2213952,-70.1326309
785,12:00:00,-20.231754,-70.1351068
791,06:00:00,-20.237139,-70.1351597
795,06:20:00,-20.2093046,-70.151505
802,10:00:00,-20.2279008,-70.1354882
805,10:45:00,-20.2556984,-70.1070161
811,10:08:00,-20.2080995,-70.1297933
812,11:00:00,-20.2018578,-70.1389107
814,10:30:00,-20.2480983,-70.1273183
817,09:00:00,-20.2297783,-70.1290144
822,10:26:00,-20.2201278,-70.1361812
824,08:00:00,-20.2246574,-70.1393004
833,10:00:00,-20.2069404,-70.1357416
846,09:00:00,-20.2175833,-70.1474318
848,08:00:00,-20.2690149,-70.1044822
852,11:00:00,-20.2238133,-70.1410338
853,12:00:00,-20.2186091,-70.1356109
857,10:00:00,-20.2167759,-70.1474073
858,09:30:00,-20.2403508,-70.1374555
863,08:10:00,-20.2134898,-70.1310453
870,08:40:00,-20.2307033,-70.1356692
872,09:35:00,-20.2289498,-70.1369628
881,10:10:00,-20.2172255,-70.1475209
883,07:50:00,-20.2585155,-70.0726409
886,08:20:00,-20.2612165,-70.1015553
887,08:00:00,-20.2697311,-70.0953563
890,07:23:00,-20.2651743,-70.105443
891,07:15:00,-20.2612611,-70.1017849
899,08:30:00,-20.2263676,-70.1487918
902,09:30:00,-20.215305,-70.1428993
903,10:30:00,-20.2913208,-70.1214046
904,09:00:00,-20.2683063,-70.1279633
910,08:10:00,-20.2184918,-70.1494876
915,11:20:00,-20.2570097,-70.1328508
917,09:40:00,-20.2274223,-70.1462215
922,08:30:00,-20.2394749,-70.1403552
923,09:00:00,-20.2115341,-70.1502028
929,11:40:00,-20.2307248,-70.1356851
931,11:25:00,-20.2307033,-70.1356692
935,07:45:00,-20.2829309,-70.1020811
939,08:30:00,-20.2059679,-70.1430435
952,10:20:00,-20.2300445,-70.1459692
955,10:30:00,-20.2340561,-70.1411217
956,06:00:00,-20.2819722,-70.1243518
957,11:40:00,-20.2247163,-70.1468504
959,11:15:00,-20.2670058,-70.1237463
965,11:00:00,-20.2049594,-70.1369206
970,12:00:00,-20.2159851,-70.1472849
971,07:30:00,-20.2223516,-70.1496565
973,08:30:00,-20.2143933,-70.1344376
980,07:40:00,-20.2171182,-70.1429854
981,11:30:00,-20.2276843,-70.1402925
986,10:00:00,-20.2364664,-70.1360525
987,11:45:00,-20.2279008,-70.1354882
990,07:30:00,-20.2164697,-70.1358582
998,07:55:00,-20.2416778,-70.1441063
1005,11:10:00,-20.2743469,-70.0972785
1006,09:10:00,-20.2683968,-70.1257935
1013,06:00:00,-20.2212061,-70.1364944
1014,10:15:00,-20.2245658,-70.1435295
1016,10:15:00,-20.2194313,-70.1489375
1019,08:00:00,-20.248365,-70.1266931
1020,07:50:00,-20.2800542,-70.1007563
1021,07:30:00,-20.2290566,-70.1286595
1027,08:50:00,-20.2382135,-70.1286667
1028,08:50:00,-20.2175979,-70.1358959
1029,08:00:00,-20.223043,-70.1515888
1032,06:00:00,-20.238243,-70.1441106
1035,08:15:00,-20.2168169,-70.1465983
1038,07:00:00,-20.240258,-70.143482
1040,09:30:00,-20.214656,-70.1418301
1041,11:30:00,-20.2123239,-70.147103
1043,07:00:00,-20.2996325,-70.1083457
1049,09:00:00,-20.2148322,-70.1389636
1052,06:15:00,-20.2307033,-70.1356692
1053,12:00:00,-20.2219834,-70.1395828
1055,08:15:00,-20.2768172,-70.1044794
1056,08:45:00,-20.2590625,-70.0735314
1060,07:50:00,-20.2202958,-70.1521312
1061,08:40:00,-20.2182824,-70.1529419
1062,07:10:00,-20.2806769,-70.1037814
1063,10:00:00,-20.2214783,-70.149117
1064,08:30:00,-20.2335869,-70.1361448
1069,09:30:00,-20.2626251,-70.1247655
1070,08:15:00,-20.2274223,-70.1462215
1071,11:15:00,-20.2685026,-70.1293773
1083,08:00:00,-20.2289498,-70.1369628
1088,08:15:00,-20.2126118,-70.1528194
1091,09:00:00,-20.2996325,-70.1083457
1092,07:40:00,-20.2688456,-70.1018435
1095,07:20:00,-20.2193218,-70.1347013
1096,12:00:00,-20.2325448,-70.1358294
1109,10:30:00,-20.2090467,-70.13977
1110,08:00:00,-20.2404715,-70.1405854
1111,09:15:00,-20.248044,-70.1251965
1113,10:10:00,-20.2482419,-70.1291267
1122,07:50:00,-20.214737,-70.1498031
1127,07:30:00,-20.2483256,-70.1009797
1131,09:00:00,-20.2824634,-70.0860646
1134,08:40:00,-20.2441837,-70.1409449
1135,10:00:00,-20.2662507,-70.1025442
1156,11:30:00,-20.2196748,-70.1443406
1158,08:55:00,-20.2321264,-70.145627
1160,07:30:00,-20.2247382,-70.139754
1161,07:00:00,-20.2612796,-70.1249018
1166,10:45:00,-20.2705889,-70.1068267
1170,08:30:00,-20.2115901,-70.1484112
1173,10:30:00,-20.270668,-70.1016173
1176,10:30:00,-20.255713,-70.1342417
1178,06:10:00,-20.2637153,-70.0986734
1181,11:13:00,-20.2468291,-70.1337269
1189,07:45:00,-20.2464084,-70.131271
1194,11:00:00,-20.2566916,-70.1336624
1195,10:00:00,-20.280345,-70.1007775
1197,08:15:00,-20.221972,-70.1331259
1198,08:40:00,-20.2684928,-70.125358
1199,09:00:00,-20.2514502,-70.1257259
1203,09:20:00,-20.2476637,-70.1343242
1204,08:30:00,-20.2248356,-70.1380641
1210,08:45:00,-20.2285158,-70.146176
1212,10:15:00,-20.2600705,-70.1278889
1213,06:25:00,-20.2307033,-70.1356692
1221,08:15:00,-20.2455677,-70.1374529
1222,10:30:00,-20.244502,-70.1286078
1225,10:25:00,-20.2723625,-70.1298877
1226,07:35:00,-20.2244134,-70.14698
1227,09:20:00,-20.2144567,-70.1441315
1228,08:30:00,-20.2407675,-70.1369893
1231,07:45:00,-20.2111121,-70.1399327
1232,07:45:00,-20.2145966,-70.1428339
1233,07:40:00,-20.2925751,-70.1048736
1236,07:45:00,-20.2616614,-70.129137
1237,08:30:00,-20.2817194,-70.1276021
1242,07:30:00,-20.2832537,-70.094516
1243,10:30:00,-20.2333879,-70.1460613
1244,08:20:00,-20.2720208,-70.0923253
1246,11:30:00,-20.2925751,-70.1048736
1257,07:30:00,-20.2245555,-70.145758
1267,06:45:00,-20.2141648,-70.1530376
1271,11:30:00,-20.2110519,-70.1431517
1272,06:30:00,-20.2278732,-70.1309752
1273,07:40:00,-20.2248356,-70.1380641
1274,07:50:00,-20.2248356,-70.1380641
1281,11:00:00,-20.2839611,-70.1044103
1285,09:20:00,-20.2163207,-70.1391357
1289,11:20:00,-20.2925294,-70.1251716
1290,07:10:00,-20.2622449,-70.1253664
1294,11:30:00,-20.2367763,-70.148507
1297,11:30:00,-20.2158858,-70.1514135
1299,07:50:00,-20.2999346,-70.1117138
1300,11:00:00,-20.2248356,-70.1380641
1305,07:40:00,-20.2524689,-70.1348006
1309,10:50:00,-20.244502,-70.1286078
1315,07:49:00,-20.2233371,-70.1492636
1316,09:00:00,-20.2192287,-70.1515497
1319,08:15:00,-20.2263676,-70.1487918
1334,10:00:00,-20.2634765,-70.1050536
1336,07:05:00,-20.2787886,-70.0935835
1337,11:15:00,-20.2278591,-70.131733
1342,07:40:00,-20.2775307,-70.1021922
1345,11:00:00,-20.2307033,-70.1356692
1351,09:50:00,-20.2300565,-70.1363117
1355,07:45:00,-20.2623582,-70.1046037
1357,07:53:00,-20.2662507,-70.1025442
1359,11:30:00,-20.2776575,-70.1084981
1362,09:00:00,-20.2897322,-70.1039479
1371,12:00:00,-20.2107977,-70.1491966
1376,09:45:00,-20.2612611,-70.1017849
1377,06:20:00,-20.2008047,-70.1331312
1381,09:00:00,-20.2194313,-70.1489375
1383,10:40:00,-20.2204816,-70.1365632
1384,10:45:00,-20.2134898,-70.1310453
1387,06:45:00,-20.2092852,-70.1514905
1388,06:55:00,-20.2812879,-70.1009617
1389,10:50:00,-20.2283933,-70.1412794
1395,08:00:00,-20.2266523,-70.1411667
1402,08:30:00,-20.2507313,-70.1286646
1406,07:45:00,-20.2243764,-70.14781
1409,08:00:00,-20.2480413,-70.1372275
1427,10:30:00,-20.211797,-70.1447349
1432,07:55:00,-20.2285158,-70.146176
1437,08:40:00,-20.2144567,-70.1441315
1443,10:45:00,-20.265632,-70.1017397
1452,11:45:00,-20.2185414,-70.1488523
1453,10:30:00,-20.2143933,-70.1344376
1455,11:40:00,-20.2445158,-70.131685
1458,07:00:00,-20.2173917,-70.1391838
1459,10:50:00,-20.2081895,-70.1415253
1464,10:30:00,-20.2201543,-70.1353452
1465,11:30:00,-20.2478923,-70.1368759
1468,06:30:00,-20.2674658,-70.1299025
1486,10:00:00,-20.2235392,-70.1509815
1488,07:55:00,-20.2166864,-70.1510941
1491,11:30:00,-20.231349,-70.1284471
1495,10:00:00,-20.2666838,-70.1273691
1496,08:15:00,-20.2212884,-70.1347762
1503,09:30:00,-20.2130997,-70.1320361
1508,12:00:00,-20.2193218,-70.1347013
1516,06:40:00,-20.272964,-70.1294999
1517,07:15:00,-20.243606,-70.12814
1519,07:40:00,-20.2563235,-70.1120862
1521,10:51:00,-20.2422792,-70.1413978
1527,12:00:00,-20.2177479,-70.1442373
1531,07:30:00,-20.2199822,-70.1386986
1534,10:30:00,-20.2393332,-70.128287
1537,08:30:00,-20.2386682,-70.1296108
1539,11:00:00,-20.2486089,-70.1382111
1545,07:30:00,-20.2957076,-70.1062929
1549,06:30:00,-20.2194663,-70.1502955
1553,11:30:00,-20.2731916,-70.0995306
1555,08:15:00,-20.2800542,-70.1007563
1560,10:40:00,-20.2441837,-70.1409449
1566,07:45:00,-20.2421195,-70.1414738
1567,06:00:00,-20.2685059,-70.1292876
1568,10:15:00,-20.255713,-70.1342417
1575,06:20:00,-20.2244564,-70.145933
1576,07:50:00,-20.2175143,-70.1487674
1578,08:30:00,-20.2093046,-70.151505
1581,11:55:00,-20.2093046,-70.151505
1582,10:30:00,-20.2441837,-70.1409449
1584,06:36:00,-20.2333018,-70.1301666
1592,09:30:00,-20.2236518,-70.1423787
1594,10:00:00,-20.2325404,-70.1427654
1598,11:45:00,-20.2342974,-70.1364184
1607,09:45:00,-20.2188278,-70.1436951
1610,07:35:00,-20.2505749,-70.1303042
1612,11:55:00,-20.2928322,-70.123946
1614,10:00:00,-20.2686722,-70.1049169
1617,07:20:00,-20.215697,-70.1420206
1621,11:40:00,-20.2024249,-70.1365435
1623,07:45:00,-20.217696,-70.1452689
1628,06:35:00,-20.2193218,-70.1347013
1629,09:30:00,-20.2443662,-70.129305
1631,11:45:00,-20.2667983,-70.1250689
1639,07:30:00,-20.2686722,-70.1049169
1643,12:00:00,-20.2203193,-70.1515539
1644,11:50:00,-20.2110955,-70.1424753
1666,10:30:00,-20.214737,-70.1498031
1673,08:20:00,-20.227256,-70.1298393
1678,08:15:00,-20.266942,-70.1070489
1681,09:00:00,-20.2245126,-70.1445436
1692,10:30:00,-20.2292198,-70.1462101
1694,10:15:00,-20.2841385,-70.0991439
1697,08:40:00,-20.2460858,-70.1296584
1716,12:00:00,-20.2108386,-70.1483817
1725,11:45:00,-20.228306,-70.1293749
1730,11:10:00,-20.2107991,-70.1491654
1736,12:00:00,-20.2791894,-70.1256972
1737,09:00:00,-20.2286019,-70.1315385
1743,11:00:00,-20.2777582,-70.0907546
1748,08:00:00,-20.2296655,-70.1356804
1749,11:30:00,-20.2818167,-70.1004099
1750,12:00:00,-20.2687204,-70.1005212
1751,06:00:00,-20.2725893,-70.1031146
1753,12:00:00,-20.2397174,-70.1399756
1764,10:30:00,-20.2718472,-70.1002663
1768,12:00:00,-20.2204227,-70.1385802
1770,08:20:00,-20.2247289,-70.1499285
1786,09:00:00,-20.2728431,-70.0920644
1789,10:30:00,-20.2812046,-70.1008192
1790,08:40:00,-20.212431,-70.1297754
1792,10:20:00,-20.2278732,-70.1309752
1799,07:45:00,-20.2393332,-70.128287
1801,08:30:00,-20.2684928,-70.125358
1812,07:50:00,-20.2156876,-70.1379329
1813,12:00:00,-20.2642833,-70.1083877
1814,10:20:00,-20.2478923,-70.1368759
1820,08:10:00,-20.2202456,-70.1538862
1822,09:15:00,-20.219294,-70.150411
1824,07:40:00,-20.2287626,-70.140574
1825,10:25:00,-20.2190716,-70.1393305
1826,10:15:00,-20.2451662,-70.1355174
1832,11:00:00,-20.2108386,-70.1483817
1837,09:40:00,-20.2134898,-70.1310453
1838,12:00:00,-20.2049745,-70.135743
1841,07:54:00,-20.227256,-70.1298393
1842,07:00:00,-20.2116966,-70.1393784
1843,11:53:00,-20.2384295,-70.1348415
1846,10:00:00,-20.2197336,-70.1431759
1847,07:30:00,-20.2611428,-70.102019
1848,10:20:00,-20.2034547,-70.133451
1852,06:30:00,-20.2212254,-70.1360422
1854,06:10:00,-20.2919344,-70.1276743
1858,08:00:00,-20.2382135,-70.1286667
1860,07:25:00,-20.2296416,-70.1427763
1861,08:40:00,-20.2206842,-70.1455402
1863,07:30:00,-20.230949,-70.142074
1865,11:30:00,-20.2159851,-70.1472849
1868,06:55:00,-20.2311999,-70.1298021
1870,08:00:00,-20.227256,-70.1298393
1871,11:25:00,-20.2364664,-70.1360525
1878,06:00:00,-20.2407485,-70.1424978
1887,06:00:00,-20.255783,-70.128973
1890,08:30:00,-20.2441837,-70.1409449
1891,10:30:00,-20.2080995,-70.1297933
1897,10:40:00,-20.2486089,-70.1382111
1899,07:00:00,-20.2355255,-70.1357594
1901,11:45:00,-20.2417381,-70.1341018
1906,12:00:00,-20.2144834,-70.1565112
1908,07:35:00,-20.2263913,-70.1471015
1912,07:55:00,-20.2743469,-70.0972785
1918,08:40:00,-20.2623582,-70.1046037
1919,11:30:00,-20.2527979,-70.1284514
1922,06:45:00,-20.2361371,-70.141682
1925,06:40:00,-20.2686827,-70.0918557
1930,07:30:00,-20.2906452,-70.0922874
1932,07:55:00,-20.2613818,-70.1031487
1934,07:20:00,-20.25145,-70.1319383
1935,12:00:00,-20.2405004,-70.127317
1937,09:20:00,-20.2124495,-70.1455236
1941,09:15:00,-20.2507596,-70.1362112
1947,07:45:00,-20.2440011,-70.1407861
1951,08:50:00,-20.2926993,-70.1274816
1957,07:40:00,-20.2475363,-70.1012622
1958,08:00:00,-20.2358462,-70.137573
1960,11:35:00,-20.2801852,-70.1243222
1961,07:00:00,-20.2902262,-70.104131
1962,11:40:00,-20.2278732,-70.1309752
1966,08:00:00,-20.2925751,-70.1048736
1969,10:30:00,-20.2899557,-70.0912478
1972,07:05:00,-20.2245658,-70.1435295
1973,11:30:00,-20.2443662,-70.129305
1975,08:50:00,-20.2160359,-70.1465023
1978,09:25:00,-20.2249004,-70.1370717
1985,10:10:00,-20.263087,-70.1244291
1988,09:25:00,-20.2201814,-70.1349026
1989,12:00:00,-20.2049013,-70.1406083
1991,08:10:00,-20.2297783,-70.1290144
1995,12:00:00,-20.2106819,-70.1527557
1999,08:00:00,-20.2556984,-70.1070161
2000,10:40:00,-20.2249719,-70.1360341
2007,08:00:00,-20.2686722,-70.1049169
2014,08:00:00,-20.2295862,-70.1438828
2015,08:00:00,-20.2387414,-70.1320056
2027,07:45:00,-20.2569181,-70.1286058
2037,06:50:00,-20.258758,-70.1046404
2039,09:20:00,-20.2186406,-70.1475157
2041,06:40:00,-20.2162145,-70.1419305
2044,08:40:00,-20.2616614,-70.129137
2048,07:45:00,-20.2416778,-70.1441063
2049,09:15:00,-20.2019515,-70.1374846
2052,07:55:00,-20.2199419,-70.1393996
2053,09:50:00,-20.2444412,-70.1282904
2055,10:30:00,-20.2373067,-70.139562
2058,07:35:00,-20.2346534,-70.1370795
2060,09:45:00,-20.255036,-70.1327603
2062,11:10:00,-20.2016728,-70.139253
2064,09:15:00,-20.2188613,-70.1431021
2067,10:40:00,-20.2394749,-70.1403552
2070,07:09:00,-20.2468369,-70.1329274
2071,08:30:00,-20.2476649,-70.1308053
2075,10:00:00,-20.2238646,-70.1369653
2080,08:40:00,-20.2292198,-70.1462101
2081,11:30:00,-20.2169565,-70.1464226
2093,08:35:00,-20.2626251,-70.1247655
2095,08:35:00,-20.249851,-70.1045507
2098,07:20:00,-20.239734,-70.1466694
2111,07:50:00,-20.274548,-70.109589
2112,06:30:00,-20.291718,-70.096169
2114,08:15:00,-20.267796,-70.10598
2117,11:00:00,-20.2911,-70.105721
2119,09:50:00,-20.287527,-70.103111
2121,09:20:00,-20.28351,-70.101936
2122,10:55:00,-20.284599,-70.102074
2126,10:05:00,-20.272882,-70.092194
2127,08:50:00,-20.275566,-70.090561
2129,06:20:00,-20.26852,-70.100716
2134,11:30:00,-20.25565,-70.106949
2146,11:30:00,-20.283594,-70.099709
2155,10:00:00,-20.274746,-70.085991
2159,10:00:00,-20.258322,-70.104683
2168,11:55:00,-20.263058,-70.099281
2172,08:00:00,-20.25478,-70.110161
2173,08:00:00,-20.253576,-70.106224
2175,08:00:00,-20.284296,-70.098503
2179,10:00:00,-20.275444,-70.091042
2180,08:05:00,-20.280172,-70.079353
2181,07:40:00,-20.277224,-70.080528
2186,09:45:00,-20.287251,-70.10379
2191,09:00:00,-20.29221,-70.093285
2198,10:58:00,-20.295584,-70.1082
2199,07:45:00,-20.286041,-70.102692
2200,08:00:00,-20.271292,-70.094765
2202,11:30:00,-20.280678,-70.103783
2203,07:40:00,-20.280678,-70.103783
2207,09:40:00,-20.280678,-70.103783
2209,07:40:00,-20.280054,-70.100754
2210,07:00:00,-20.280054,-70.100754
2211,08:00:00,-20.280054,-70.100754
2214,06:50:00,-20.280054,-70.100754
2215,07:30:00,-20.280159,-70.101242
2219,07:50:00,-20.273018,-70.103386
2223,07:50:00,-20.27228,-70.109795
2226,07:50:00,-20.292771,-70.1092755
2228,07:40:00,-20.246689,-70.098557
2232,08:00:00,-20.246885,-70.125084
2234,07:30:00,-20.287251,-70.10379
2235,08:20:00,-20.291172,-70.092262
2237,07:30:00,-20.249599,-70.106071
2238,07:50:00,-20.249599,-70.106071
2242,10:00:00,-20.267828,-70.105942
2243,06:30:00,-20.268726,-70.105003
2245,07:45:00,-20.26977,-70.103706
2250,06:35:00,-20.29077,-70.100899
2251,08:35:00,-20.289732,-70.103951
2257,11:20:00,-20.280746,-70.104507
2259,08:40:00,-20.280746,-70.104507
2266,10:10:00,-20.246429,-70.095543
2267,06:00:00,-20.287251,-70.10379
2268,10:00:00,-20.281204,-70.100822
2275,10:50:00,-20.2812046,-70.1008192
2278,08:05:00,-20.270575,-70.101852
2279,07:45:00,-20.26881,-70.098244
2280,10:35:00,-20.26881,-70.098244
2287,08:00:00,-20.273478,-70.105858
2289,07:55:00,-20.273478,-70.105858
2291,12:00:00,-20.273478,-70.105858
2293,10:15:00,-20.26816,-70.096024
2299,08:50:00,-20.281288,-70.10096
2301,11:20:00,-20.286053,-70.102547
2302,11:50:00,-20.287924,-70.103264
2304,07:45:00,-20.287924,-70.103264
2308,09:59:00,-20.280664,-70.100243
2309,12:00:00,-20.280664,-70.100243
2319,07:45:00,-20.272137,-70.092781
2322,07:50:00,-20.259993,-70.074936
2328,08:30:00,-20.265884,-70.102242
2330,11:00:00,-20.266218,-70.102425
2333,10:00:00,-20.270264,-70.106873
2339,10:18:00,-20.269411,-70.105255
2341,07:50:00,-20.262035,-70.096123
2348,08:35:00,-20.270466,-70.107018
2357,07:40:00,-20.270264,-70.106873
2366,10:40:00,-20.272539,-70.101746
2375,07:45:00,-20.270035,-70.109894
2377,07:45:00,-20.26067,-70.102516
2379,07:20:00,-20.264727,-70.105034
2381,07:20:00,-20.261261,-70.101784
2384,06:30:00,-20.269848,-70.101524
2385,08:00:00,-20.269848,-70.101524
2387,09:30:00,-20.266012,-70.103622
2389,09:50:00,-20.268299,-70.101891
2395,08:05:00,-20.275822,-70.104134
2403,07:15:00,-20.246689,-70.098557
2411,08:30:00,-20.278824,-70.090103
2422,08:10:00,-20.277733,-70.085403
2424,10:45:00,-20.224365,-70.141693
2428,08:30:00,-20.216246,-70.149086
2433,09:00:00,-20.207878,-70.145378
2434,07:45:00,-20.220215,-70.146835
2435,07:00:00,-20.216698,-70.146606
2437,09:40:00,-20.220741,-70.152916
2438,07:00:00,-20.21596,-70.152954
2442,11:30:00,-20.22904,-70.144814
2443,11:30:00,-20.209892,-70.143768
2445,10:30:00,-20.222832,-70.137718
2450,08:10:00,-20.230045,-70.145966
2452,07:00:00,-20.231342,-70.145966
2453,11:55:00,-20.232222,-70.145477
2456,10:00:00,-20.291304,-70.12822
2457,11:45:00,-20.232222,-70.145477
2460,08:30:00,-20.244049,-70.140579
2465,06:00:00,-20.260365,-70.132118
2466,10:30:00,-20.280857,-70.12767
2468,08:30:00,-20.206518,-70.146332
2470,11:05:00,-20.239487,-70.146187
2471,11:15:00,-20.239986,-70.145798
2480,07:30:00,-20.24045,-70.145065
2486,07:00:00,-20.216599,-70.156738
2490,06:50:00,-20.223909,-70.147865
2493,09:55:00,-20.218761,-70.14328
2499,06:30:00,-20.268623,-70.12928
2502,06:00:00,-20.237549,-70.132828
2508,12:00:00,-20.259937,-70.125511
2510,10:30:00,-20.211409,-70.142624
2512,11:00:00,-20.21497,-70.1427
2516,11:50:00,-20.230799,-70.13475
2527,10:30:00,-20.220856,-70.131981
2530,08:55:00,-20.222126,-70.135605
2531,10:40:00,-20.221617,-70.148087
2532,08:35:00,-20.211433,-70.150055
2534,08:30:00,-20.209679,-70.149368
2540,11:00:00,-20.266567,-70.126007
2551,11:00:00,-20.234873,-70.143623
2555,12:00:00,-20.231728,-70.141754
2559,08:30:00,-20.239016,-70.144592
2560,10:40:00,-20.239016,-70.144592
2561,10:30:00,-20.239016,-70.144592
2569,12:00:00,-20.234873,-70.143623
2572,10:44:00,-20.234873,-70.143623
2574,11:30:00,-20.230949,-70.142075
2579,06:45:00,-20.222717,-70.144646
2582,09:13:00,-20.214069,-70.144821
2585,08:05:00,-20.218206,-70.145203
2586,08:40:00,-20.226309,-70.146179
2595,10:45:00,-20.272299,-70.128517
2602,11:00:00,-20.274134,-70.126465
2608,12:00:00,-20.234571,-70.139908
2610,10:00:00,-20.208189,-70.139809
2622,08:10:00,-20.252256,-70.125702
2626,10:00:00,-20.233179,-70.136482
2627,11:00:00,-20.269608,-70.124214
2628,09:30:00,-20.220833,-70.134216
2630,12:00:00,-20.211979,-70.137848
2631,11:30:00,-20.228987,-70.139648
2632,08:20:00,-20.233164,-70.140656
2633,12:00:00,-20.21051,-70.13456
2644,09:00:00,-20.204823,-70.136589
2651,12:00:00,-20.209778,-70.130013
2657,08:05:00,-20.268396,-70.122955
2666,08:30:00,-20.250311,-70.136375
2667,11:45:00,-20.250866,-70.129707
2670,10:15:00,-20.258448,-70.126846
2676,09:30:00,-20.227859,-70.131737
2677,06:45:00,-20.22743,-70.132179
2680,06:23:00,-20.227859,-70.131737
2681,10:00:00,-20.227859,-70.131737
2683,10:35:00,-20.227859,-70.131737
2695,08:15:00,-20.220598,-70.135056
2698,07:45:00,-20.252211,-70.131638
2701,11:20:00,-20.24741,-70.132996
2705,06:40:00,-20.21711,-70.134666
2710,07:00:00,-20.253296,-70.131775
2713,09:50:00,-20.213123,-70.131996
2714,11:39:00,-20.210463,-70.147896
2715,09:30:00,-20.210579,-70.148483
2716,09:00:00,-20.213501,-70.13118
2724,06:30:00,-20.247633,-70.126251
2726,07:05:00,-20.244556,-70.126709
2727,11:40:00,-20.213921,-70.149727
2731,06:45:00,-20.268324,-70.126305
2735,09:20:00,-20.227863,-70.134598
2736,08:42:00,-20.264376,-70.1269
2741,08:20:00,-20.240183,-70.133698
2743,10:50:00,-20.21637,-70.141769
2753,09:30:00,-20.212658,-70.133438
2762,08:49:00,-20.21833,-70.141182
2775,07:50:00,-20.238735,-70.142654
2782,09:50:00,-20.216776,-70.147408
2785,11:10:00,-20.216082,-70.149368
2790,10:50:00,-20.21707,-70.143578
2792,08:00:00,-20.217201,-70.141953
2799,10:00:00,-20.206753,-70.145264
2802,10:00:00,-20.207291,-70.14537
2803,11:50:00,-20.224413,-70.14698
2810,10:30:00,-20.219551,-70.146721
2821,09:50:00,-20.216036,-70.1465
2824,09:40:00,-20.21373,-70.146255
2825,11:25:00,-20.21373,-70.146255
2833,11:25:00,-20.211788,-70.152855
2835,09:25:00,-20.218283,-70.152939
2836,08:10:00,-20.218283,-70.152939
2840,11:32:00,-20.215136,-70.152809
2841,09:15:00,-20.219196,-70.152977
2846,08:50:00,-20.212612,-70.152817
2850,08:40:00,-20.214542,-70.152809
2857,08:15:00,-20.228588,-70.144684
2858,08:29:00,-20.219675,-70.144341
2863,06:45:00,-20.213846,-70.144051
2864,09:30:00,-20.213846,-70.144051
2865,08:15:00,-20.227489,-70.144691
2870,06:40:00,-20.2248356,-70.1380641
2873,08:05:00,-20.2248356,-70.1380641
2876,10:35:00,-20.2248356,-70.1380641
2879,07:15:00,-20.224836,-70.138062
2883,09:50:00,-20.228867,-70.13842
2885,08:10:00,-20.221136,-70.137703
2886,10:40:00,-20.221136,-70.137703
2889,07:50:00,-20.215681,-70.136963
2890,10:30:00,-20.215681,-70.136963
2893,10:20:00,-20.219336,-70.137207
2896,11:30:00,-20.215235,-70.155296
2903,10:45:00,-20.207956,-70.14991
2905,07:50:00,-20.212622,-70.150223
2909,10:00:00,-20.217428,-70.150345
2915,11:10:00,-20.204973,-70.135742
2916,08:50:00,-20.22032,-70.15155
2918,10:20:00,-20.220905,-70.134964
2921,11:10:00,-20.226112,-70.140984
2925,10:20:00,-20.215483,-70.140106
2930,06:00:00,-20.238741,-70.132004
2935,10:50:00,-20.2139215,-70.1513663
2936,11:30:00,-20.21471,-70.151398
2942,07:45:00,-20.212875,-70.14328
2945,10:00:00,-20.217773,-70.143623
2957,10:00:00,-20.236419,-70.136059
2958,08:38:00,-20.236419,-70.136059
2960,08:20:00,-20.236419,-70.136059
2961,06:00:00,-20.236465,-70.136055
2964,07:35:00,-20.240351,-70.137459
2965,09:25:00,-20.2137321,-70.1532418
2968,08:05:00,-20.248581,-70.13076
2969,08:40:00,-20.248842,-70.132027
2976,08:15:00,-20.251045,-70.130196
2991,08:00:00,-20.253475,-70.129631
2992,10:00:00,-20.253475,-70.129631
2995,07:30:00,-20.255713,-70.134239
2997,11:50:00,-20.254269,-70.131409
3000,07:32:00,-20.25145,-70.125725
3003,07:20:00,-20.24025,-70.13176
3021,11:10:00,-20.241953,-70.134239
3027,09:15:00,-20.240425,-70.134377
3033,08:00:00,-20.213974,-70.141708
3036,09:40:00,-20.213524,-70.148514
3038,07:45:00,-20.241737,-70.134102
3039,10:25:00,-20.239666,-70.134552
3042,11:00:00,-20.210838,-70.148384
3044,08:30:00,-20.214661,-70.14183
3046,11:45:00,-20.214007,-70.148518
3048,10:20:00,-20.214007,-70.148518
3055,09:15:00,-20.217852,-70.141998
3058,11:05:00,-20.265259,-70.123947
3059,08:00:00,-20.217514,-70.148766
3070,06:00:00,-20.230555,-70.139809
3072,08:45:00,-20.23111,-70.130875
3083,08:45:00,-20.229643,-70.142776
3085,07:20:00,-20.262872,-70.128366
3087,09:30:00,-20.23365,-70.136276
3088,11:40:00,-20.236259,-70.142799
3096,11:35:00,-20.222351,-70.149658
3104,09:00:00,-20.210798,-70.149162
3115,12:00:00,-20.217476,-70.149445
3118,08:40:00,-20.222115,-70.136703
3126,08:45:00,-20.221928,-70.140602
3128,08:05:00,-20.22131,-70.151573
3131,07:35:00,-20.221478,-70.149117
3134,07:50:00,-20.211842,-70.143219
3136,06:00:00,-20.211605,-70.148415
3137,08:40:00,-20.211605,-70.148415
3138,09:00:00,-20.227503,-70.145737
3149,07:30:00,-20.25782,-70.132545
3152,10:30:00,-20.207041,-70.141594
3158,08:20:00,-20.225761,-70.137161
3159,07:00:00,-20.225761,-70.137161
3160,07:00:00,-20.23395,-70.138
3162,10:00:00,-20.220127,-70.136185
3166,10:45:00,-20.220127,-70.136185
3167,10:00:00,-20.220127,-70.136185
3184,06:00:00,-20.239475,-70.140358
3186,10:00:00,-20.239475,-70.140358
3191,12:00:00,-20.218151,-70.136162
3193,11:10:00,-20.232903,-70.133598
3197,07:30:00,-20.232546,-70.135826
3199,10:00:00,-20.232546,-70.135826
3200,07:00:00,-20.232594,-70.134712
3201,08:30:00,-20.215885,-70.151413
3204,11:00:00,-20.228764,-70.140572
3206,08:00:00,-20.228706,-70.141876
3209,07:15:00,-20.228659,-70.1427
3210,11:30:00,-20.228659,-70.1427
3217,12:00:00,-20.236118,-70.143097
3219,08:10:00,-20.225643,-70.139816
3220,08:15:00,-20.225643,-70.139816
3225,09:40:00,-20.220915,-70.139328
3229,11:50:00,-20.213564,-70.138771
3237,08:20:00,-20.211063,-70.138405
3247,11:30:00,-20.238243,-70.1441106
3249,08:15:00,-20.238243,-70.1441106
3253,08:20:00,-20.215546,-70.139061
3265,12:00:00,-20.245167,-70.135513
3270,10:30:00,-20.25046,-70.134224
3271,07:50:00,-20.247166,-70.135063
3274,07:45:00,-20.240913,-70.136086
3275,11:30:00,-20.240913,-70.136086
3278,09:00:00,-20.222555,-70.145729
3280,07:40:00,-20.22233,-70.151581
3286,09:25:00,-20.226812,-70.137756
3290,09:40:00,-20.219616,-70.145447
3291,07:00:00,-20.219616,-70.145447
3296,10:40:00,-20.223515,-70.145813
3300,08:50:00,-20.210981,-70.144585
3304,09:00:00,-20.215164,-70.145096
3310,11:10:00,-20.211283,-70.14032
3313,07:40:00,-20.223824,-70.131721
3316,11:30:00,-20.244501,-70.128609
3318,12:00:00,-20.259937,-70.124908
3326,11:00:00,-20.226679,-70.148285
3334,07:30:00,-20.233309,-70.128319
3337,08:20:00,-20.2750176,-70.1266749
3338,06:00:00,-20.2750176,-70.1266749
3340,08:15:00,-20.2750176,-70.1266749
3344,06:45:00,-20.25206,-70.126747
3346,09:00:00,-20.25206,-70.126747
3348,09:00:00,-20.278011,-70.126953
3354,09:30:00,-20.237974,-70.128891
3357,10:50:00,-20.237974,-70.128891
3359,11:40:00,-20.237974,-70.128891
3365,09:00:00,-20.241325,-70.13707
3366,07:40:00,-20.241325,-70.13707
3368,11:50:00,-20.236534,-70.142082
3373,11:30:00,-20.223839,-70.137459
3375,08:00:00,-20.236294,-70.134033
3378,08:50:00,-20.24958,-70.126671
3383,08:05:00,-20.246407,-70.127373
3385,07:20:00,-20.248808,-70.127426
3390,12:00:00,-20.23188,-70.140343
3393,11:50:00,-20.223766,-70.13903
3397,07:30:00,-20.215591,-70.138344
3398,08:50:00,-20.215591,-70.138344
3399,08:50:00,-20.215591,-70.138344
3406,11:00:00,-20.211021,-70.136353
3408,07:40:00,-20.211021,-70.136353
3412,11:50:00,-20.213175,-70.152222
3413,11:55:00,-20.213175,-70.152222
3416,09:20:00,-20.219294,-70.150414
3417,08:40:00,-20.219294,-70.150414
3426,11:20:00,-20.220552,-70.13472
3427,09:03:00,-20.220552,-70.13472
3431,06:50:00,-20.220552,-70.13472
3432,08:00:00,-20.220181,-70.134903
3433,08:30:00,-20.219805,-70.142113
3437,10:35:00,-20.245567,-70.137451
3440,07:50:00,-20.244516,-70.131683
3443,07:50:00,-20.244864,-70.133408
3445,11:30:00,-20.244253,-70.126732
3446,11:25:00,-20.245171,-70.139137
3448,10:45:00,-20.223946,-70.13517
3449,07:30:00,-20.223337,-70.149261
3450,09:30:00,-20.223337,-70.149261
3454,11:30:00,-20.278517,-70.126595
3458,09:30:00,-20.237936,-70.13221
3462,08:30:00,-20.239735,-70.146667
3463,11:00:00,-20.193827,-70.136241
3464,09:05:00,-20.207602,-70.143852
3472,07:30:00,-20.244184,-70.140945
3490,08:15:00,-20.215599,-70.15564
3491,08:40:00,-20.215599,-70.15564
3494,12:00:00,-20.240936,-70.144981
3496,11:14:00,-20.240936,-70.144981
3501,07:55:00,-20.211788,-70.152855
3504,08:45:00,-20.211788,-70.152855
3505,12:00:00,-20.211788,-70.152855
3507,08:50:00,-20.226368,-70.148788
3515,09:30:00,-20.244184,-70.140945
3521,09:50:00,-20.239735,-70.146667
3526,12:00:00,-20.211687,-70.152275
3529,08:30:00,-20.207777,-70.149887
3535,07:30:00,-20.262506,-70.130791
3536,07:30:00,-20.262506,-70.130791
3541,06:00:00,-20.241678,-70.144104
3550,10:05:00,-20.274017,-70.130379
3551,07:15:00,-20.274017,-70.130379
3561,08:00:00,-20.229565,-70.146782
3578,06:30:00,-20.24861,-70.138214
3579,09:30:00,-20.24861,-70.138214
3585,10:50:00,-20.210932,-70.151497
3586,09:30:00,-20.210932,-70.151497
3594,11:05:00,-20.268503,-70.129379
3597,06:50:00,-20.22736,-70.14801
3606,08:00:00,-20.265379,-70.126923
3614,12:00:00,-20.218641,-70.147514
3619,09:18:00,-20.222471,-70.14772
3620,10:30:00,-20.222471,-70.14772
3625,09:30:00,-20.215984,-70.147285
3626,10:00:00,-20.215984,-70.147285
3628,09:20:00,-20.21493,-70.14724
3632,11:00:00,-20.229738,-70.132172
3633,09:00:00,-20.229685,-70.129196
3636,09:50:00,-20.229786,-70.135712
3642,10:30:00,-20.218861,-70.143105
3648,10:40:00,-20.219246,-70.136238
3649,08:15:00,-20.219246,-70.136238
3663,09:50:00,-20.220856,-70.131981
3666,10:00:00,-20.220856,-70.131981
3669,08:10:00,-20.219322,-70.134705
3671,08:40:00,-20.219322,-70.134705
3673,08:00:00,-20.219322,-70.134705
3676,08:30:00,-20.219322,-70.134705
3678,12:00:00,-20.219322,-70.134705
3679,08:06:00,-20.219322,-70.134705
3680,07:20:00,-20.219322,-70.134705
3682,08:30:00,-20.219322,-70.134705
3687,09:00:00,-20.21854,-70.148849
3689,08:15:00,-20.21854,-70.148849
3692,10:50:00,-20.212246,-70.149223
3694,09:20:00,-20.212246,-70.149223
3698,10:00:00,-20.212246,-70.149223
3703,07:55:00,-20.21221,-70.150223
3704,07:55:00,-20.21221,-70.150223
3707,07:30:00,-20.212261,-70.148445
3717,10:30:00,-20.249674,-70.128754
3720,11:15:00,-20.271952,-70.12616
3728,07:30:00,-20.226921,-70.130396
3729,08:52:00,-20.226921,-70.130396
3731,08:30:00,-20.226921,-70.130396
3732,10:50:00,-20.222597,-70.135071
3739,09:20:00,-20.240543,-70.13224
3740,08:35:00,-20.208015,-70.143044
3742,12:00:00,-20.204901,-70.14061
3745,09:50:00,-20.264778,-70.127396
3749,11:30:00,-20.269073,-70.12632
3750,10:20:00,-20.234291,-70.129807
3756,11:40:00,-20.259712,-70.127136
3761,08:30:00,-20.253063,-70.128365
3763,07:20:00,-20.253063,-70.128365
3764,10:15:00,-20.252649,-70.128258
3766,08:20:00,-20.256495,-70.127739
3767,07:30:00,-20.256495,-70.127739
3768,11:25:00,-20.242308,-70.129219
3777,08:35:00,-20.224899,-70.13707
3781,09:50:00,-20.224737,-70.139755
3791,08:15:00,-20.224607,-70.142441
3792,07:40:00,-20.224312,-70.149353
3795,10:45:00,-20.208179,-70.129716
3796,12:00:00,-20.208179,-70.129716
3797,08:00:00,-20.204887,-70.131335
3802,12:00:00,-20.204887,-70.131335
3807,08:20:00,-20.220728,-70.131845
3817,10:17:00,-20.204944,-70.136941
3818,12:00:00,-20.204944,-70.136941
3823,11:00:00,-20.204944,-70.136941
3824,10:00:00,-20.204944,-70.136941
3825,11:30:00,-20.204944,-70.136941
3826,09:40:00,-20.211172,-70.134872
3830,11:10:00,-20.221767,-70.143311
3833,11:20:00,-20.228626,-70.143806
3837,10:00:00,-20.2236,-70.143456
3841,07:30:00,-20.2236,-70.143456
3845,12:00:00,-20.21291,-70.142624
3847,11:25:00,-20.213909,-70.142715
3850,09:15:00,-20.215305,-70.142899
3851,08:20:00,-20.217808,-70.143028
3854,10:55:00,-20.230635,-70.137627
3860,07:30:00,-20.230831,-70.141487
3867,08:30:00,-20.252536,-70.134527
3871,08:15:00,-20.2292198,-70.1462101
3872,08:45:00,-20.2276843,-70.1402925
3877,07:50:00,-20.2351843,-70.1472318
3878,10:10:00,-20.2267538,-70.1477914
3891,08:00:00,-20.2137936,-70.1449128
3892,07:30:00,-20.2287626,-70.140574
3893,10:40:00,-20.2448205,-70.1266967
3894,10:40:00,-20.2213086,-70.1515718
3896,09:40:00,-20.2131386,-70.1543387
3898,08:00:00,-20.2181701,-70.1551829
3900,10:00:00,-20.2110078,-70.1516025
3913,07:55:00,-20.2800542,-70.1007563
3919,11:40:00,-20.272964,-70.1294999
3921,10:30:00,-20.215546,-70.1390644
3922,11:35:00,-20.2195058,-70.1475571
3926,09:15:00,-20.2193218,-70.1347013
3928,07:00:00,-20.2416778,-70.1441063
3931,07:50:00,-20.2187327,-70.1453448
3934,12:00:00,-20.2252454,-70.148848
3936,11:00:00,-20.2156021,-70.1556159
3942,10:50:00,-20.2189699,-70.1413536
3943,11:00:00,-20.2321264,-70.145627
3944,11:00:00,-20.263568,-70.1220665
3949,10:40:00,-20.2127518,-70.1493811
3956,11:00:00,-20.2130763,-70.1320839
3968,07:00:00,-20.2521998,-70.1036669
3969,09:00:00,-20.272194,-70.124021
3973,11:30:00,-20.2603704,-70.1323614
3974,10:30:00,-20.2847174,-70.1022289
3978,11:10:00,-20.2290311,-70.135502
3982,11:00:00,-20.2379443,-70.1399453
3984,11:35:00,-20.2464084,-70.131271
3987,11:30:00,-20.238243,-70.1441106
3994,11:00:00,-20.219804,-70.1421126
3995,10:55:00,-20.2110142,-70.1439375
3998,08:30:00,-20.2146929,-70.1423333
4000,10:10:00,-20.2386456,-70.1448671
4003,07:35:00,-20.2688096,-70.0982439
4008,10:10:00,-20.230949,-70.142074
4009,10:00:00,-20.2365343,-70.1420811
4021,09:00:00,-20.2182922,-70.1521233
4023,08:10:00,-20.2738569,-70.0987992
4026,08:15:00,-20.2345649,-70.1323307
4031,08:25:00,-20.2257263,-70.1381611
4032,10:50:00,-20.2177738,-70.1485842
4035,11:30:00,-20.2172018,-70.1419493
4036,11:00:00,-20.2229403,-70.1474744
4037,09:30:00,-20.2599935,-70.0966835
4041,10:30:00,-20.2686722,-70.1049169
4042,09:00:00,-20.2842558,-70.1011478
4045,11:50:00,-20.2311904,-70.1302093
4050,07:45:00,-20.2183664,-70.1554191
4053,10:00:00,-20.2747463,-70.0865073
4056,07:50:00,-20.2628105,-70.0791408
4057,11:00:00,-20.2225943,-70.1467518
4061,08:10:00,-20.2125699,-70.1537057
4066,10:00:00,-20.2652458,-70.0984537
4067,12:00:00,-20.2736121,-70.0917381
4076,08:30:00,-20.2495998,-70.106074
4078,08:30:00,-20.2220188,-70.1377937
4080,08:45:00,-20.2123045,-70.1351794
4081,11:14:00,-20.2131798,-70.1528114
4087,09:30:00,-20.2332604,-70.13765
4092,09:30:00,-20.248044,-70.1251965
4102,11:20:00,-20.2686827,-70.0918557
4115,08:05:00,-20.2159236,-70.1486187
4116,08:30:00,-20.227256,-70.1298393
4119,10:00:00,-20.2784402,-70.0836831
4129,07:50:00,-20.2488518,-70.128074
4135,09:00:00,-20.2644853,-70.1246063
4140,09:00:00,-20.25145,-70.1319383
4147,11:00:00,-20.2307248,-70.1356851
4148,08:55:00,-20.2195058,-70.1475571
4164,10:30:00,-20.285025,-70.0948182
4168,09:40:00,-20.2278591,-70.131733
4169,07:30:00,-20.268299,-70.1018888
4175,09:15:00,-20.2544475,-70.1292669
4176,09:50:00,-20.2279008,-70.1354882
4178,12:00:00,-20.2460112,-70.1386955
4181,08:05:00,-20.2776909,-70.1077072
4188,10:00:00,-20.2412044,-70.1330995
4194,09:00:00,-20.2384295,-70.1348415
4199,07:20:00,-20.2647266,-70.1050322
4204,09:50:00,-20.2384295,-70.1348415
4205,09:00:00,-20.2441837,-70.1409449
4212,11:00:00,-20.2849394,-70.1047148
4216,11:30:00,-20.292979,-70.1056567
4233,08:50:00,-20.2195058,-70.1475571
4237,11:30:00,-20.2630522,-70.0992734
4238,10:30:00,-20.2377721,-70.1388477
4243,08:50:00,-20.2562882,-70.1265464
4251,11:20:00,-20.2059153,-70.1432351
4256,09:00:00,-20.254522,-70.131162
4257,12:00:00,-20.257831,-70.132479
4266,10:00:00,-20.2653785,-70.126922
4267,11:00:00,-20.2408341,-70.1373132
4269,10:45:00,-20.2422388,-70.1426967
4275,10:35:00,-20.2666181,-70.1028585
4280,08:40:00,-20.2788239,-70.0901007
4284,10:45:00,-20.220161,-70.135599
4290,09:51:00,-20.2688456,-70.1018435
4292,09:15:00,-20.2512191,-70.1341073
4295,07:15:00,-20.2497169,-70.1274464
4296,09:20:00,-20.2278732,-70.1309752
4301,11:30:00,-20.2251061,-70.1498238
4302,12:00:00,-20.2325448,-70.1358294
4315,09:45:00,-20.2626251,-70.1247655
4322,10:30:00,-20.2307033,-70.1356692
4323,10:58:00,-20.2134898,-70.1310453
4330,08:30:00,-20.2812046,-70.1008192
4331,09:32:00,-20.2495998,-70.106074
4334,10:10:00,-20.2653785,-70.126922
4335,06:20:00,-20.2612046,-70.1291294
4337,11:30:00,-20.282319,-70.115617
4338,07:35:00,-20.2644853,-70.1246063
4339,08:15:00,-20.2586971,-70.128946
4349,07:30:00,-20.2542691,-70.1314071
4353,07:10:00,-20.2655059,-70.1297161
4354,11:15:00,-20.2361153,-70.1432496
4355,06:30:00,-20.2497169,-70.1274464
4358,07:25:00,-20.2543166,-70.1260602
4359,10:20:00,-20.2401546,-70.1380638
4363,10:50:00,-20.2217183,-70.1444324
4371,08:05:00,-20.2219439,-70.1388786
4374,07:30:00,-20.2405997,-70.1370252
4377,10:00:00,-20.2080995,-70.1297933
4385,10:10:00,-20.2286417,-70.1437419
4390,07:50:00,-20.2666181,-70.1028585
4394,09:15:00,-20.2556494,-70.1069486
4399,10:30:00,-20.2653785,-70.126922
4402,11:50:00,-20.2382135,-70.1286667
4406,07:45:00,-20.2489752,-70.1326219
4412,07:05:00,-20.2791458,-70.0858147
4413,09:30:00,-20.2893434,-70.10036
4415,11:30:00,-20.2173328,-70.1514811
4417,09:30:00,-20.2918025,-70.1275694
4423,09:00:00,-20.2115499,-70.1491714
4432,12:00:00,-20.2173917,-70.1391838
4434,10:50:00,-20.2405997,-70.1370252
4443,08:21:00,-20.2161249,-70.1442269
4455,08:20:00,-20.2268367,-70.1372722
4462,11:40:00,-20.2286343,-70.1432535
4467,08:50:00,-20.2219834,-70.1395828
4475,11:30:00,-20.2205893,-70.147605
4479,10:00:00,-20.2380431,-70.1496569
4489,10:00:00,-20.2134898,-70.1310453
4490,07:15:00,-20.2049594,-70.1369206
4491,07:25:00,-20.2216013,-70.146812
4493,08:00:00,-20.226074,-70.135131
4494,07:50:00,-20.2081895,-70.1415253
4502,08:00:00,-20.2181701,-70.1551829
4506,10:45:00,-20.228707,-70.1442968
4508,11:00:00,-20.2301432,-70.1411798
4509,09:07:00,-20.2171182,-70.1429854
4517,09:00:00,-20.2180995,-70.1371442
4522,11:40:00,-20.2599382,-70.1249083
4523,10:30:00,-20.2244134,-70.14698
4526,09:20:00,-20.2329027,-70.133599
4527,07:10:00,-20.2355273,-70.1467385
4530,11:30:00,-20.2172018,-70.1419493
4534,11:35:00,-20.2234394,-70.1477687
4540,12:00:00,-20.2204437,-70.1405475
4541,09:30:00,-20.2210371,-70.1394955
4545,11:00:00,-20.2631815,-70.1064475
4546,11:00:00,-20.2172018,-70.1419493
4557,08:00:00,-20.2111906,-70.1384119
4560,12:00:00,-20.248044,-70.1251965
4568,06:30:00,-20.2379563,-70.1318733
4571,11:00:00,-20.2409532,-70.1449725
4578,09:00:00,-20.2686722,-70.1049169
4579,07:30:00,-20.2681599,-70.0960269
4584,12:00:00,-20.2537184,-70.1269928
4587,08:50:00,-20.2626251,-70.1247655
4593,11:30:00,-20.210302,-70.1387065
4596,10:30:00,-20.2175783,-70.1361277
4598,12:00:00,-20.2128747,-70.1432808
4601,09:15:00,-20.2849394,-70.1047148
4605,12:00:00,-20.2726303,-70.1263091
4615,11:30:00,-20.223557,-70.1445012
4618,10:50:00,-20.2276843,-70.1402925
4621,07:56:00,-20.2374095,-70.1293885
4626,10:15:00,-20.2721122,-70.1000249
4641,11:50:00,-20.282319,-70.115617
4648,11:46:00,-20.2147104,-70.1513996
4650,11:40:00,-20.207004,-70.140453
4658,08:30:00,-20.275005,-70.1265423
4662,09:00:00,-20.2971826,-70.1068564
4663,10:40:00,-20.2192538,-70.1537641
4669,10:10:00,-20.2147521,-70.1399891
4670,09:35:00,-20.2296924,-70.134465
4672,11:00:00,-20.241866,-70.1421152
4674,09:45:00,-20.2049594,-70.1369206
4676,09:45:00,-20.2206303,-70.146763
4682,11:00:00,-20.2422388,-70.1426967
4684,07:10:00,-20.2563235,-70.1120862
4685,10:30:00,-20.2925294,-70.1251716
4688,09:00:00,-20.2524717,-70.1277744
4695,09:30:00,-20.2366348,-70.1492738
4697,08:10:00,-20.2770539,-70.0984804
4702,07:45:00,-20.2174367,-70.1384578
4703,11:50:00,-20.2265367,-70.1436597
4705,09:40:00,-20.2180995,-70.1371442
4717,08:30:00,-20.2122213,-70.1518396
4719,09:30:00,-20.2178799,-70.1458593
4722,11:35:00,-20.2162145,-70.1419305
4724,09:50:00,-20.2307248,-70.1356851
4730,08:45:00,-20.267913,-70.129637
4731,10:40:00,-20.2126476,-70.1401776
4742,06:20:00,-20.2625059,-70.130789
4744,09:20:00,-20.2189699,-70.1413536
4745,08:25:00,-20.2227166,-70.1417354
4746,11:30:00,-20.2081549,-70.1426093
4748,09:00:00,-20.25145,-70.1319383
4755,12:00:00,-20.2688096,-70.0982439
4757,10:30:00,-20.2736979,-70.0939139
4759,11:00:00,-20.2896501,-70.106422
4761,08:00:00,-20.2373067,-70.139562
4767,12:00:00,-20.2150522,-70.1534197
4769,07:30:00,-20.2193218,-70.1347013
4775,11:30:00,-20.2346412,-70.1427131
4781,09:45:00,-20.2626251,-70.1247655
4782,08:15:00,-20.2307033,-70.1356692
4786,11:15:00,-20.276066,-70.090274
4790,07:15:00,-20.2716424,-70.0925683
4792,12:00:00,-20.2263913,-70.1471015
4802,07:30:00,-20.2800542,-70.1007563
4805,09:20:00,-20.227256,-70.1298393
4810,12:00:00,-20.2104891,-70.1434996
4813,10:59:00,-20.2287626,-70.140574
4814,11:25:00,-20.2647319,-70.1274308
4821,11:40:00,-20.2232899,-70.1505932
4824,10:20:00,-20.2163207,-70.1391357
4835,11:50:00,-20.2683223,-70.1084999
4837,07:50:00,-20.2497169,-70.1274464
4843,10:30:00,-20.2654233,-70.0935039
4846,08:30:00,-20.2626251,-70.1247655
4850,07:45:00,-20.2670356,-70.0953932
4853,11:15:00,-20.2479851,-70.1368551
4854,08:00:00,-20.2429309,-70.1272539
4862,12:00:00,-20.2933424,-70.1078559
4870,09:40:00,-20.2243764,-70.14781
4874,09:15:00,-20.245836,-70.1401573
4881,09:20:00,-20.2417381,-70.1341018
4884,10:00:00,-20.2334817,-70.1379182
4890,09:00:00,-20.2110519,-70.1431517
4892,11:00:00,-20.2132565,-70.150245
4895,09:40:00,-20.2919344,-70.1276743
4901,09:45:00,-20.2626251,-70.1247655
4906,08:25:00,-20.2394749,-70.1403552
4909,08:00:00,-20.2405997,-70.1370252
4912,11:00:00,-20.2156548,-70.1555755
4929,08:00:00,-20.2798693,-70.0940271
4934,08:00:00,-20.2115994,-70.1522793
4941,09:00:00,-20.2324435,-70.135947
4944,09:30:00,-20.2409532,-70.1449725
4945,10:00:00,-20.214656,-70.1418301
4947,10:25:00,-20.2338858,-70.1459262
4954,07:25:00,-20.2263543,-70.1479225
4956,10:50:00,-20.2278732,-70.1309752
4961,08:30:00,-20.2621944,-70.1269978
4970,07:00:00,-20.2800542,-70.1007563
4980,07:30:00,-20.2386682,-70.1296108
4985,07:45:00,-20.2626251,-70.1247655
4986,11:30:00,-20.2205175,-70.1441852
